content,platforms,profileIds,scheduledAt,mediaUrls
"your best work is buried
the algorithm buried it because you didn't pay to boost it
your followers never even saw it

isn't that exhausting?
hours of creative work just disappearing into the feed

what if there was another way?
a printed format. monthly. no boost budget needed.
your art shows up as something people can keep

we're looking for creators to test this
digiart.btechhub.top/creators

want to try it?",threads,,2026-07-01T09:00:00+02:00,
"you love digital art but there's nowhere to put it. a screen doesn't feel like ownership

what if your favorite pieces arrived monthly as a printed booklet? small, tangible, something you can hold and flip through whenever you want

that's what we're building at digiart. a way to bring digital art off the screen and onto your shelf

want to see what it looks like? check the link in our bio",threads,,2026-07-02T09:00:00+02:00,
"you don't need a massive following

small dedicated subscriber bases pay consistently. i've seen it work

what if your art found 20 true collectors instead of 20k passive scrollers?

20 people who actually want what you make, showing up every month

that's something worth building toward

we're exploring this with printed art booklets monthly. creators earn from a tight-knit community, not viral reach

does this resonate with you?",threads,,2026-07-03T10:00:00+02:00,
"something about wanting your digital art collection to feel real

moving the digital feed browsing experience into physical magazine format

we're building monthly art booklets for collectors

small printed pieces from artists you follow

curated and personalized

interested ?
digiart.btechhub.top/collectors",threads,,2026-07-04T11:00:00+02:00,
"your fans want to support you, not just like a post
give them a way

what if they could get a monthly printed art booklet of your work?
they keep a physical piece, you get direct support

want to try? https://digiart.btechhub.top/creators",threads,,2026-07-05T11:00:00+02:00,
"digital art feels like a passing cloud — beautiful but gone once it's scrolled past. do you ever save something just to hold onto the feeling? what if it arrived as a small printed booklet each month, something you could keep, flip through, share? that's what we're exploring at digiart. what would it mean to you to have a physical piece of what moved you?",threads,,2026-07-06T12:00:00+02:00,
"one-off sales are a rollercoaster
good month, bad month, never quite knowing what's next

what if your income wasn't a gamble but a rhythm?

a subscription model for your art
collectors get printed booklets monthly
you get predictable payouts

still figuring out what this could look like for you
but curious if this solves a real problem",threads,,2026-07-07T09:00:00+02:00,
